time,vx,ay,yaw_rate,steering_angle
0.000009,0.000000,0.000000,0.000000,0.000000
0.043057,0.000000,0.022301,-0.125000,0.000000
0.073252,0.000000,0.022301,-0.125000,0.000000
0.108188,0.000000,0.028709,-0.062500,0.000000
0.138344,0.000000,0.031771,-0.062500,0.000000
0.168497,0.000000,0.035771,0.062500,0.000000
0.198666,0.000000,0.036560,0.062500,0.000000
0.228812,0.000000,0.038769,0.000000,0.000000
0.258942,0.000000,0.038769,0.000000,0.000000
0.289078,0.000000,0.037467,-0.062500,0.000000
0.319232,0.000000,0.039181,-0.062500,0.000000
0.349441,0.000000,0.036726,0.000000,0.000000
0.380895,0.000000,0.035911,-0.125000,0.000000
0.411068,0.000000,0.036385,0.062500,0.000000
0.441224,0.000000,0.035671,0.062500,0.000000
0.471434,0.000000,0.036141,-0.062500,0.000000
0.501577,0.000000,0.036141,-0.062500,0.000000
0.531733,0.208909,0.039733,-0.125000,13.000000
0.561992,0.242334,0.167692,12.437500,13.000000
0.592228,0.275760,0.413549,4.187500,13.000000
0.622366,0.250691,0.554584,-8.000000,13.000000
0.652557,0.325898,0.516162,-2.875000,12.000000
0.682796,0.284116,0.463069,-3.375000,12.000000
0.712952,0.275760,0.504056,-9.312500,11.000000
0.743099,0.275760,0.504056,-9.312500,11.000000
0.773367,0.275760,0.400074,-11.062500,12.000000
0.803550,0.275760,0.398122,-11.500000,12.000000
0.833707,0.284116,0.324692,-15.687500,20.000000
0.863854,0.284116,0.262452,-9.250000,20.000000
0.894017,0.284116,0.315172,-9.687500,21.000000
0.924191,0.284116,0.237817,-11.875000,21.000000
0.954352,0.275760,0.217887,-12.062500,21.000000
0.984500,0.275760,0.217887,-12.062500,21.000000
1.014671,0.275760,0.183616,-14.000000,21.000000
1.044831,0.284116,0.143099,2034.312500,21.000000
1.075219,0.267403,0.139937,-14.187500,21.000000
1.105429,0.275760,0.137079,-13.562500,21.000000
1.135604,0.275760,0.131633,-12.375000,21.000000
1.165771,0.284116,0.180110,-12.000000,21.000000
1.195941,0.267403,0.266837,-11.937500,21.000000
1.226085,0.259047,0.266837,-11.937500,21.000000
1.256259,0.325898,0.153753,-19.875000,21.000000
1.286413,0.284116,-0.010439,-22.562500,21.000000
1.316562,0.259047,-0.064678,-26.500000,21.000000
1.348272,0.284116,-0.121359,-20.875000,21.000000
1.381377,0.275760,-0.113614,-21.875000,20.000000
1.418430,0.275760,-0.071390,-20.187500,20.000000
1.448622,0.275760,-0.071390,-20.187500,22.000000
1.482149,0.275760,-0.099809,-16.000000,22.000000
1.512311,0.284116,-0.056052,-18.625000,21.000000
1.544057,0.275760,-0.043106,-16.500000,21.000000
1.574338,0.267403,-0.121785,-14.562500,21.000000
1.609140,0.259047,0.078191,-17.375000,21.000000
1.639301,0.284116,0.078191,-17.375000,21.000000
1.669494,0.267403,0.170651,-22.125000,21.000000
1.699648,0.275760,-0.018738,-21.437500,21.000000
1.729797,0.275760,-0.020760,-18.937500,21.000000
1.759930,0.292472,0.000242,-19.250000,21.000000
1.790148,0.284116,0.038272,-18.312500,21.000000
1.820315,0.267403,0.037485,-17.937500,21.000000
1.850464,0.284116,-0.050747,-19.750000,21.000000
1.880911,0.275760,-0.050747,-19.750000,21.000000
1.911200,0.267403,-0.086825,2027.812500,20.000000
1.941788,0.284116,-0.081419,-18.750000,20.000000
1.971900,0.267403,-0.029915,-16.812500,20.000000
2.002042,0.292472,-0.065120,-17.062500,20.000000
2.032179,0.267403,0.021932,-18.812500,20.000000
2.062340,0.267403,0.042676,-21.500000,20.000000
2.092460,0.275760,0.083326,-19.500000,20.000000
2.122624,0.292472,0.018324,-19.750000,22.000000
2.152911,0.284116,0.018324,-19.750000,22.000000
2.183062,0.267403,-0.016713,-19.375000,21.000000
2.213242,0.267403,-0.038905,-18.187500,21.000000
2.243424,0.300829,-0.038905,-18.187500,21.000000
2.273599,0.275760,-0.006666,-16.812500,21.000000
2.303771,0.267403,-0.065010,-17.375000,20.000000
2.333934,0.284116,0.042958,-23.812500,20.000000
2.364572,0.284116,0.040774,-19.687500,20.000000
2.394943,0.267403,-0.012569,-15.000000,20.000000
2.425232,0.267403,0.052360,-21.812500,22.000000
2.457505,0.284116,0.052360,-21.812500,22.000000
2.487674,0.275760,-0.024916,-16.437500,22.000000
2.517914,0.267403,-0.109109,-15.750000,22.000000
2.548174,0.284116,-0.156757,-20.375000,21.000000
2.578839,0.292472,-0.282630,-19.937500,21.000000
2.609046,0.275760,-0.282630,-19.937500,21.000000
2.639234,0.275760,-0.311869,-23.000000,21.000000
2.670705,0.292472,-0.275544,-20.125000,12.000000
2.700973,0.284116,-0.209380,-19.375000,12.000000
2.731175,0.267403,-0.180901,-18.500000,9.000000
2.761315,0.284116,-0.180901,-18.500000,9.000000
2.791459,0.275760,-0.180816,-16.812500,9.000000
2.821627,0.275760,-0.067539,-16.625000,12.000000
2.851821,0.275760,0.028303,-15.437500,12.000000
2.882747,0.275760,0.046538,-12.125000,12.000000
2.912935,0.275760,0.048770,-10.250000,12.000000
2.952146,0.275760,0.029862,-10.750000,12.000000
2.982944,0.275760,0.032729,-10.687500,12.000000
3.014988,0.284116,-0.008435,-9.437500,12.000000
3.045126,0.275760,-0.008435,-9.437500,12.000000
3.075282,0.267403,-0.015242,-8.937500,20.000000
3.105441,0.275760,-0.042330,-9.312500,20.000000
3.135592,0.267403,0.042553,-9.187500,21.000000
3.168153,0.275760,0.104141,-7.750000,21.000000
3.198326,0.267403,0.104141,-7.750000,21.000000
3.229320,0.284116,0.113260,-14.000000,21.000000
3.260304,0.284116,0.239466,-20.187500,21.000000
3.290932,0.267403,0.276616,-17.125000,21.000000
3.321247,0.284116,0.184666,-19.250000,21.000000
3.352030,0.284116,0.171856,-19.625000,21.000000
3.382179,0.275760,0.141240,-20.437500,21.000000
3.412347,0.259047,0.165854,-20.187500,21.000000
3.442840,0.284116,0.160541,-18.937500,21.000000
3.473023,0.275760,0.160541,-18.937500,21.000000
3.503284,0.267403,0.154782,-18.812500,21.000000
3.533476,0.267403,0.144815,-16.125000,21.000000
3.567868,0.267403,0.107258,-19.562500,21.000000
3.600179,0.300829,-0.018997,-18.562500,20.000000
3.631061,0.275760,0.000883,-19.812500,20.000000
3.661343,0.267403,-0.046763,-22.250000,20.000000
3.691569,0.275760,-0.025192,-17.125000,20.000000
3.724270,0.292472,0.012400,-18.625000,20.000000
3.754471,0.292472,0.012400,-18.625000,19.000000
3.784633,0.267403,0.018831,-16.937500,19.000000
3.814782,0.275760,-0.066670,-18.062500,20.000000
3.845039,0.275760,-0.101232,-22.125000,20.000000
3.875301,0.284116,-0.040235,-18.750000,20.000000
3.905574,0.275760,-0.077311,-19.062500,20.000000
3.935754,0.275760,-0.124178,-18.375000,20.000000
3.965892,0.275760,-0.058145,-16.937500,20.000000
3.996039,0.284116,-0.058145,-16.937500,21.000000
4.026228,0.259047,-0.005051,-18.562500,21.000000
4.056427,0.267403,0.053456,-20.437500,20.000000
4.086546,0.275760,-0.071487,-23.125000,20.000000
4.116684,0.292472,-0.081809,-19.250000,11.000000
4.146872,0.284116,-0.032172,-18.250000,11.000000
4.177105,0.275760,-0.005330,-19.000000,9.000000
4.207248,0.267403,0.044642,-18.687500,9.000000
4.237449,0.275760,-0.050925,-19.062500,12.000000
4.267588,0.267403,-0.050925,-19.062500,12.000000
4.297735,0.267403,-0.089838,-16.937500,12.000000
4.328314,0.267403,-0.051804,-10.937500,12.000000
4.358475,0.292472,-0.038315,-12.437500,12.000000
4.388629,0.275760,-0.128844,-5.750000,12.000000
4.419299,0.267403,-0.201248,-9.875000,12.000000
4.454557,0.275760,-0.167836,-4.437500,13.000000
4.484702,0.300829,-0.065307,-2.625000,13.000000
4.514866,0.275760,-0.041972,-13.375000,23.000000
4.545011,0.275760,-0.041972,-13.375000,23.000000
4.575193,0.275760,-0.123592,-8.250000,-10.000000
4.605364,0.275760,-0.122299,-9.187500,-10.000000
4.635513,0.275760,-0.095445,-13.812500,21.000000
4.665660,0.267403,-0.099684,-11.625000,21.000000
4.696778,0.284116,0.046779,-8.125000,22.000000
4.727015,0.267403,0.046779,-8.125000,22.000000
4.757504,0.275760,0.110819,-11.937500,23.000000
4.787689,0.267403,0.098375,-9.312500,23.000000
4.820963,0.284116,0.111847,-12.750000,22.000000
4.852643,0.275760,0.115476,-17.937500,22.000000
4.884223,0.275760,0.144444,-20.312500,22.000000
4.915126,0.284116,0.102166,-19.312500,-24.000000
4.945277,0.275760,0.102166,-19.312500,-24.000000
4.975576,0.267403,0.051544,-18.125000,-28.000000
5.005877,0.284116,0.033323,-20.312500,-28.000000
5.036157,0.275760,0.037763,-20.500000,-28.000000
5.066325,0.267403,0.134052,-18.000000,-28.000000
5.096481,0.259047,0.086104,-8.562500,-28.000000
5.126634,0.284116,0.150209,-2.187500,-28.000000
5.156784,0.275760,0.156848,4.562500,-27.000000
5.186946,0.275760,0.156848,4.562500,-27.000000
5.217308,0.267403,0.119097,6.687500,-26.000000
5.247458,0.275760,0.191478,11.562500,-26.000000
5.278295,0.259047,0.270291,23.625000,-28.000000
5.308491,0.267403,0.365389,27.875000,-28.000000
5.338723,0.292472,0.426707,28.750000,-20.000000
5.368874,0.267403,0.344262,28.562500,-20.000000
5.399038,0.284116,0.260146,30.625000,-17.000000
5.430581,0.275760,0.395210,26.437500,-17.000000
5.460785,0.259047,0.346201,20.375000,-17.000000
5.490941,0.275760,0.346201,20.375000,-17.000000
5.521105,0.259047,0.210533,30.000000,-17.000000
5.561063,0.267403,0.265655,23.187500,-12.000000
5.592420,0.317541,0.222311,18.750000,-12.000000
5.623319,0.317541,0.383803,23.000000,-12.000000
5.653490,0.284116,0.360612,13.812500,-9.000000
5.683760,0.267403,0.289210,18.250000,-9.000000
5.714792,0.292472,0.289210,18.250000,-3.000000
5.744936,0.284116,0.293090,14.875000,-3.000000
5.775256,0.284116,0.331797,13.625000,-2.000000
5.805520,0.284116,0.254575,13.500000,-2.000000
5.836368,0.275760,0.290287,10.812500,-2.000000
5.866522,0.275760,0.229380,3.375000,0.000000
5.896674,0.284116,0.229380,3.375000,0.000000
5.927016,0.275760,0.149534,3.375000,0.000000
5.957838,0.284116,0.152432,2.687500,1.000000
5.988004,0.275760,0.123663,2.937500,1.000000
6.019233,0.267403,0.123663,2.937500,2.000000
6.050948,0.267403,0.006311,1.937500,2.000000
6.081770,0.284116,0.079908,-0.125000,2.000000
6.112024,0.284116,0.114162,-0.312500,2.000000
6.142293,0.284116,0.131840,0.625000,2.000000
6.172596,0.275760,0.069834,-0.687500,2.000000
6.203155,0.284116,0.069834,-0.687500,1.000000
6.233438,0.292472,0.113607,-3.187500,1.000000
6.263686,0.267403,-0.010399,-3.312500,1.000000
6.293964,0.275760,-0.010399,-3.312500,1.000000
6.324223,0.284116,-0.035093,-2.000000,1.000000
6.354501,0.275760,0.022466,-2.437500,1.000000
6.384653,0.292472,0.069794,-0.062500,9.000000
6.416177,0.309185,0.069794,-0.062500,9.000000
6.446328,0.284116,0.069814,-1.687500,9.000000
6.476514,0.267403,0.006098,-2.812500,9.000000
6.507166,0.284116,0.046421,-4.062500,4.000000
6.537305,0.275760,0.046421,-4.062500,4.000000
6.568293,0.267403,-0.048363,-5.125000,4.000000
6.598850,0.284116,-0.086569,-9.812500,-7.000000
6.631409,0.284116,-0.123043,-7.062500,-7.000000
6.662361,0.300829,-0.090411,-5.562500,-7.000000
6.692526,0.292472,-0.090411,-5.562500,-7.000000
6.724146,0.267403,-0.136983,-7.312500,-7.000000
6.754294,0.292472,-0.165807,-3.875000,-7.000000
6.784443,0.267403,-0.187134,1.812500,-7.000000
6.814682,0.309185,-0.116063,4.625000,0.000000
6.844893,0.275760,-0.116063,4.625000,0.000000
6.875455,0.267403,-0.077436,8.750000,-5.000000
6.905694,0.267403,-0.018702,6.750000,-5.000000
6.936513,0.284116,-0.120610,7.000000,-5.000000
6.966664,0.275760,-0.120610,7.000000,-5.000000
6.996837,0.275760,-0.007353,5.812500,-5.000000
7.027028,0.292472,0.139839,9.937500,-5.000000
7.057207,0.309185,0.169343,7.625000,1.000000
7.087450,0.275760,0.221724,5.937500,1.000000
7.117607,0.275760,0.039872,3.000000,-3.000000
7.156443,0.292472,0.069373,8.500000,-3.000000
7.186640,0.275760,0.069373,8.500000,-4.000000
7.216922,0.284116,0.133166,3.375000,-4.000000
7.247082,0.284116,0.102425,4.312500,-4.000000
7.280197,0.284116,0.172587,4.750000,-4.000000
7.311725,0.275760,0.160926,-1.812500,-3.000000
7.342975,0.284116,0.090445,2.250000,-3.000000
7.375576,0.259047,0.213114,4.000000,-3.000000
7.406771,0.267403,0.208061,0.625000,-1.000000
7.436998,0.275760,0.208061,0.625000,-1.000000
7.467220,0.275760,0.188270,5.812500,-1.000000
7.497397,0.259047,0.206508,4.000000,0.000000
7.527563,0.284116,0.003273,2.875000,0.000000
7.557723,0.267403,0.024840,0.000000,0.000000
7.587871,0.275760,-0.129723,9.500000,0.000000
7.618010,0.275760,-0.051747,2.812500,2.000000
7.648137,0.275760,-0.051747,2.812500,1.000000
7.678290,0.275760,-0.033507,-1.500000,1.000000
7.708444,0.275760,-0.056003,-5.375000,1.000000
7.738578,0.284116,0.111988,-5.062500,1.000000
7.768732,0.284116,0.010966,-0.562500,7.000000
7.798895,0.275760,0.016582,-5.375000,7.000000
7.829039,0.284116,-0.018289,2.250000,7.000000
7.859190,0.284116,0.047184,-2.687500,7.000000
7.889360,0.275760,0.047184,-2.687500,7.000000
7.919505,0.275760,0.121650,-3.312500,7.000000
7.949635,0.267403,0.173811,-10.937500,7.000000
7.979802,0.284116,0.119228,-3.875000,7.000000
8.009944,0.275760,0.026079,-2.437500,7.000000
8.041641,0.275760,0.005524,-6.375000,7.000000
8.071781,0.275760,-0.188105,-7.000000,7.000000
8.101943,0.267403,-0.203505,-4.687500,7.000000
8.132113,0.284116,-0.036703,-3.000000,7.000000
8.162286,0.267403,-0.225364,-5.375000,7.000000
8.192492,0.275760,-0.225364,-5.375000,7.000000
8.222711,0.259047,-0.314271,-6.687500,7.000000
8.252940,0.325898,-0.136933,-6.812500,7.000000
8.283168,0.284116,0.034952,-8.062500,7.000000
8.313314,0.267403,-0.008326,2035.437500,7.000000
8.343451,0.284116,-0.128342,-7.937500,7.000000
8.375653,0.275760,-0.110426,-5.562500,7.000000
8.405796,0.284116,-0.098971,-3.812500,8.000000
8.435988,0.292472,-0.098971,-3.812500,8.000000
8.466148,0.292472,0.015081,-6.187500,8.000000
8.496288,0.275760,-0.013939,-6.562500,8.000000
8.526451,0.275760,-0.013939,-6.562500,8.000000
8.564284,0.284116,-0.010711,-2.125000,8.000000
8.602644,0.284116,0.022650,-3.875000,8.000000
8.632809,0.284116,0.047131,-6.750000,8.000000
8.666659,0.275760,-0.137139,-7.562500,8.000000
8.696816,0.284116,-0.168802,-7.250000,8.000000
8.726977,0.300829,0.029895,-4.187500,8.000000
8.757129,0.300829,0.029895,-4.187500,8.000000
8.787272,0.284116,0.011831,-8.562500,8.000000
8.820233,0.284116,0.016413,-4.562500,8.000000
8.850372,0.275760,-0.032710,-6.812500,8.000000
8.880510,0.284116,-0.032710,-6.812500,8.000000
8.911217,0.284116,-0.086674,-4.875000,8.000000
8.941384,0.284116,-0.025159,-5.687500,8.000000
8.971556,0.275760,-0.069377,2043.125000,8.000000
9.001869,0.275760,-0.069377,2043.125000,8.000000
9.032126,0.292472,-0.074193,-5.750000,8.000000
9.063710,0.284116,-0.110892,-3.687500,8.000000
9.093901,0.284116,-0.100344,-5.562500,8.000000
9.124186,0.267403,-0.137410,-5.000000,8.000000
9.154355,0.284116,-0.137410,-5.000000,8.000000
9.184548,0.284116,-0.035873,-3.875000,8.000000
9.214762,0.275760,-0.137098,-4.500000,8.000000
9.247879,0.275760,-0.208717,-8.875000,8.000000
9.278096,0.267403,-0.151764,-10.500000,8.000000
9.308262,0.292472,-0.210574,-7.562500,8.000000
9.338803,0.284116,-0.131566,-5.375000,8.000000
9.368977,0.275760,-0.131566,-5.375000,8.000000
9.399166,0.275760,-0.136173,-6.437500,6.000000
9.430732,0.267403,-0.078511,-4.937500,6.000000
9.460874,0.275760,-0.029188,-3.687500,6.000000
9.493428,0.275760,0.015444,-8.062500,6.000000
9.523628,0.284116,-0.154396,-6.437500,7.000000
9.554191,0.275760,-0.154396,-6.437500,7.000000
9.586629,0.292472,-0.218663,-2.125000,7.000000
9.619585,0.284116,-0.271109,-7.250000,7.000000
9.649857,0.275760,-0.084559,-6.500000,7.000000
9.680062,0.284116,-0.217300,-7.687500,7.000000
9.710273,0.275760,-0.248948,-6.000000,7.000000
9.740426,0.275760,-0.248948,-6.000000,7.000000
9.770687,0.275760,-0.129191,-7.187500,7.000000
9.800939,0.275760,-0.201563,-4.937500,6.000000
9.832167,0.267403,-0.166218,-3.437500,6.000000
9.862446,0.284116,-0.298801,-6.875000,6.000000
9.892703,0.284116,-0.308428,-9.187500,4.000000
9.924329,0.275760,-0.308428,-9.187500,4.000000
9.954560,0.284116,-0.284796,-5.125000,2.000000
9.985018,0.275760,-0.371855,-6.812500,2.000000
10.015273,0.267403,-0.372630,-8.500000,0.000000
10.045428,0.275760,-0.407576,-4.875000,0.000000
10.075647,0.267403,-0.365000,-6.875000,-1.000000
10.105885,0.275760,-0.400672,-2.750000,-1.000000
10.136047,0.275760,-0.249359,-0.750000,0.000000
10.166252,0.275760,-0.249359,-0.750000,0.000000
10.196405,0.284116,-0.249420,0.312500,9.000000
10.226554,0.275760,-0.356015,2.250000,9.000000
10.256713,0.275760,-0.269831,-2.562500,4.000000
10.286909,0.284116,-0.258432,-3.125000,4.000000
10.317075,0.275760,-0.214824,0.125000,7.000000
10.347250,0.275760,-0.195340,-4.875000,7.000000
10.380212,0.267403,-0.195340,-4.875000,11.000000
10.411996,0.275760,-0.208149,-2.312500,11.000000
10.442213,0.275760,-0.219740,-5.000000,9.000000
10.472477,0.267403,-0.083736,13.625000,9.000000
10.502707,0.250691,-0.188970,2.750000,8.000000
10.533619,0.275760,0.005939,6.812500,8.000000
10.565556,0.225621,0.136646,-0.437500,6.000000
10.611292,0.284116,0.210211,0.312500,6.000000
10.641442,0.225621,0.210211,0.312500,6.000000
10.672208,0.242334,-0.156991,6.750000,3.000000
10.702413,0.300829,-0.297111,5.937500,3.000000
10.732639,0.250691,-0.343046,2.937500,3.000000
10.762850,0.284116,-0.279974,5.437500,3.000000
10.793144,0.250691,-0.060237,0.250000,3.000000
10.823613,0.250691,-0.152486,0.875000,3.000000
10.857518,0.275760,-0.415746,6.625000,10.000000
10.887732,0.242334,-0.415746,6.625000,10.000000
10.917943,0.292472,-0.477030,12.812500,10.000000
10.948207,0.259047,-0.485874,8.437500,10.000000
10.978488,0.259047,-0.260820,8.562500,10.000000
11.008703,0.267403,-0.244571,7.625000,10.000000
11.039013,0.259047,-0.266966,8.187500,7.000000
11.070223,0.259047,-0.214936,4.375000,7.000000
11.100444,0.267403,-0.214936,4.375000,3.000000
11.130671,0.267403,-0.216369,3.812500,3.000000
11.160826,0.250691,0.125735,4.875000,2.000000
11.190997,0.275760,0.004381,11.187500,2.000000
11.221221,0.217265,0.102894,2.062500,2.000000
11.251380,0.267403,0.043641,-7.875000,2.000000
11.281605,0.284116,0.096565,-4.500000,2.000000
11.311867,0.275760,-0.206557,-22.437500,2.000000
11.342125,0.284116,30.899920,-10.375000,1.000000
11.372396,0.284116,30.899920,-10.375000,1.000000
11.402643,0.275760,27.934883,-9.000000,-2.000000
11.432865,0.275760,25.090183,-9.125000,-2.000000
11.463029,0.275760,22.598843,-8.500000,2.000000
11.493183,0.275760,20.354004,-16.937500,2.000000
11.523316,0.275760,18.291315,-24.750000,1.000000
11.553472,0.292472,16.510450,-27.312500,1.000000
11.583664,0.309185,14.976994,-28.812500,-2.000000
11.613831,0.300829,14.976994,-28.812500,-2.000000
11.643982,0.292472,13.519965,-42.000000,0.000000
11.674131,0.292472,12.271929,-51.187500,0.000000
11.705013,0.292472,11.161637,-47.562500,0.000000
11.735171,0.292472,10.190256,-56.000000,4.000000
11.765358,0.284116,9.253251,-70.500000,4.000000
11.795615,0.284116,8.394915,-75.312500,8.000000
11.825860,0.300829,7.544030,-79.500000,8.000000
11.856039,0.292472,7.544030,-79.500000,7.000000
11.886293,0.292472,6.692279,-81.000000,7.000000
11.916442,0.284116,5.922502,-79.437500,5.000000
11.946948,0.284116,5.226900,-75.812500,5.000000
11.977116,0.275760,4.606980,-69.875000,5.000000
12.007364,0.275760,4.087885,-61.312500,3.000000
12.037587,0.275760,4.087885,-61.312500,3.000000
12.067792,0.275760,3.581071,-52.062500,2.000000
12.098102,0.284116,3.133882,-47.812500,2.000000
12.128437,0.284116,2.741598,-43.062500,2.000000
12.158608,0.275760,2.345726,-42.000000,0.000000
12.188785,0.275760,2.011293,-41.812500,0.000000
12.219048,0.292472,32.914410,-40.875000,-1.000000
12.249226,0.292472,32.914410,-40.875000,-1.000000
12.279378,0.284116,29.765354,-34.437500,6.000000
12.309521,0.284116,26.955805,-26.375000,6.000000
12.340258,0.284116,24.392588,-17.687500,3.000000
12.370397,0.284116,22.179735,-2.750000,3.000000
12.400534,0.284116,20.275360,6.000000,1.000000
12.430671,0.284116,18.549284,12.187500,1.000000
12.460806,0.284116,17.045427,19.875000,0.000000
12.490943,0.284116,15.569523,23.062500,-5.000000
12.521059,0.292472,14.340554,25.187500,-5.000000
12.551200,0.292472,14.340554,25.187500,-8.000000
12.581325,0.284116,13.249418,25.375000,-8.000000
12.611428,0.284116,12.296322,27.500000,2.000000
12.641627,0.284116,11.382521,27.500000,2.000000
12.671927,0.275760,10.517595,24.437500,1.000000
12.702550,0.275760,9.714018,17.000000,1.000000
12.732806,0.292472,8.983076,11.000000,1.000000
12.763232,0.292472,8.298835,6.062500,1.000000
12.795299,0.284116,8.298835,6.062500,1.000000
12.825459,0.284116,7.571240,5.312500,1.000000
12.855849,0.284116,6.889076,2.125000,1.000000
12.886080,0.284116,6.227095,-1.562500,1.000000
12.916255,0.275760,5.663280,-7.375000,1.000000
12.946416,0.275760,5.118854,-9.250000,2.000000
12.976576,0.275760,5.118854,-9.250000,2.000000
13.006780,0.267403,4.675681,-8.250000,2.000000
13.036935,0.284116,3.976923,3.000000,2.000000
13.067093,0.259047,3.496835,-4.187500,2.000000
13.097232,0.284116,3.060513,0.125000,2.000000
13.131417,0.284116,2.589595,-1.812500,2.000000
13.161597,0.259047,2.326138,-0.062500,2.000000
13.191752,0.275760,2.326138,-0.062500,1.000000
13.222693,0.275760,2.074424,-6.125000,1.000000
13.256257,0.275760,1.922755,-3.437500,1.000000
13.287026,0.284116,1.682778,0.750000,1.000000
13.320163,0.284116,1.552192,-1.437500,1.000000
13.352225,0.284116,1.396930,-1.937500,1.000000
13.382425,0.284116,1.280218,-3.000000,1.000000
13.413446,0.284116,1.280218,-3.000000,1.000000
13.444288,0.275760,1.111826,-2.000000,1.000000
13.475879,0.275760,1.018430,-0.687500,1.000000
13.506058,0.284116,0.984335,-1.500000,1.000000
13.536262,0.259047,0.911627,-1.062500,1.000000
13.566450,0.284116,0.815396,-2.250000,1.000000
13.596594,0.267403,0.690269,-5.437500,1.000000
13.626743,0.284116,0.690269,-5.437500,1.000000
13.656882,0.275760,0.597021,-1.937500,1.000000
13.687081,0.284116,0.565913,-2.500000,1.000000
13.720156,0.275760,0.450250,-1.875000,1.000000
13.750642,0.284116,0.481617,-1.437500,0.000000
13.781567,0.275760,0.481617,-1.437500,0.000000
13.811721,0.275760,0.462438,-2.937500,0.000000
13.841874,0.275760,0.398473,-2.312500,0.000000
13.872103,0.275760,0.413838,-1.687500,0.000000
13.902444,0.284116,0.418229,-2.562500,0.000000
13.932596,0.284116,0.253831,-0.500000,0.000000
13.962737,0.259047,0.222076,-5.562500,0.000000
13.992895,0.275760,0.222076,-5.562500,0.000000
14.023044,0.275760,0.204756,-0.937500,0.000000
14.053176,0.284116,0.344137,-0.625000,0.000000
14.083299,0.275760,0.441722,-5.187500,0.000000
14.113448,0.275760,0.420631,-1.312500,0.000000
14.143608,0.275760,0.429132,-2.437500,0.000000
14.173753,0.275760,0.413043,0.312500,0.000000
14.203931,0.284116,0.413043,0.312500,0.000000
14.234226,0.267403,0.459365,-0.437500,0.000000
14.264555,0.300829,0.320543,1.125000,0.000000
14.294708,0.275760,0.146413,0.312500,0.000000
14.324861,0.284116,0.111558,-2.750000,0.000000
14.355168,0.284116,0.065750,-0.062500,0.000000
14.385327,0.275760,0.065750,-0.062500,0.000000
14.415945,0.275760,0.072813,0.125000,0.000000
14.447182,0.275760,0.015470,0.062500,0.000000
14.477408,0.275760,0.066317,-0.750000,0.000000
14.507625,0.275760,0.108523,-0.437500,0.000000
14.537924,0.267403,0.047783,-0.812500,0.000000
14.568159,0.292472,0.043238,0.500000,0.000000
14.598318,0.284116,-0.012243,0.562500,0.000000
14.628462,0.267403,-0.012243,0.562500,0.000000
14.658638,0.284116,-0.063397,0.437500,0.000000
14.688838,0.275760,0.005416,-1.000000,0.000000
14.718988,0.267403,-0.002709,-1.937500,-1.000000
14.749132,0.292472,-0.007207,1.562500,-1.000000
14.779398,0.267403,0.177069,0.625000,-1.000000
14.809891,0.267403,0.223008,-1.687500,-1.000000
14.840106,0.284116,0.184672,-0.750000,-1.000000
14.870287,0.284116,0.204204,-1.250000,-1.000000
14.900575,0.275760,0.204204,-1.250000,-1.000000
14.930924,0.275760,0.146729,-3.000000,-1.000000
14.961302,0.275760,0.065233,4.062500,-1.000000
14.991466,0.275760,0.225496,0.312500,-1.000000
15.021632,0.284116,0.119385,-1.687500,-1.000000
15.052249,0.267403,0.009098,-1.562500,-1.000000
15.082454,0.275760,0.009098,-1.562500,-1.000000
15.112605,0.284116,-0.143967,-1.375000,-1.000000
15.142800,0.267403,-0.192104,0.250000,-2.000000
15.172967,0.267403,-0.120560,-1.375000,-2.000000
15.203186,0.267403,-0.164264,-0.687500,-2.000000
15.233425,0.292472,-0.058270,-0.187500,-2.000000
15.263671,0.267403,-0.110753,0.125000,-2.000000
15.293833,0.275760,-0.102120,0.562500,-2.000000
15.323979,0.275760,-0.102120,0.562500,-2.000000
15.354206,0.275760,-0.120943,1.562500,-2.000000
15.384478,0.275760,-0.157952,1.312500,-2.000000
15.424169,0.284116,-0.161952,-0.750000,-2.000000
15.456015,0.267403,-0.367236,0.187500,-2.000000
15.486659,0.267403,-0.250496,1.937500,-2.000000
15.516825,0.267403,-0.183861,1.437500,-2.000000
15.546954,0.267403,-0.183861,1.437500,-1.000000
15.577146,0.267403,-0.122614,0.500000,-1.000000
15.607360,0.284116,-0.104291,1.000000,-1.000000
15.638256,0.275760,-0.094371,0.562500,-1.000000
15.668425,0.267403,-0.154835,1.937500,-1.000000
15.698571,0.275760,-0.081129,2.000000,-1.000000
15.728769,0.292472,-0.056289,2.500000,-1.000000
15.759169,0.275760,-0.051886,2.062500,-1.000000
15.789395,0.317541,0.003466,0.437500,-1.000000
15.820382,0.309185,0.003466,0.437500,-1.000000
15.850673,0.284116,-0.112916,3.250000,-1.000000
15.881784,0.275760,-0.066027,1.187500,-1.000000
15.911934,0.275760,-0.058795,1.500000,-1.000000
15.942058,0.275760,-0.067471,1.812500,-1.000000
15.972764,0.267403,-0.084834,0.625000,-1.000000
16.004887,0.275760,-0.044422,1.250000,-1.000000
16.035063,0.275760,-0.037342,1.937500,-1.000000
16.065206,0.284116,-0.037342,1.937500,-1.000000
16.095359,0.267403,-0.000497,1.250000,-1.000000
16.125824,0.284116,0.071846,2.125000,-1.000000
16.155958,0.284116,-0.087189,-1.750000,-1.000000
16.186129,0.267403,0.036206,2.187500,-1.000000
16.221827,0.267403,0.133595,1.125000,-1.000000
16.252386,0.284116,0.133595,1.125000,-1.000000
16.282562,0.284116,0.063812,1.687500,-1.000000
16.315984,0.292472,0.056790,-0.250000,-1.000000
16.346534,0.284116,0.058998,1.187500,-1.000000
16.377907,0.284116,0.070508,1.625000,-1.000000
16.408402,0.309185,0.221709,2.562500,-1.000000
16.440184,0.267403,0.221709,2.562500,-1.000000
16.476157,0.267403,0.173984,2.250000,-1.000000
16.506333,0.267403,0.087992,-0.312500,-1.000000
16.536496,0.292472,0.087992,-0.312500,-1.000000
16.567694,0.284116,0.064402,2.000000,-1.000000
16.599365,0.267403,0.114399,2.250000,-1.000000
16.629535,0.284116,0.052150,2.000000,-1.000000
16.659706,0.275760,0.052150,2.000000,-1.000000
16.692147,0.267403,0.039579,1.937500,-1.000000
16.723935,0.284116,0.062449,1.125000,-1.000000
16.754260,0.267403,-0.043373,2.562500,-1.000000
16.794083,0.284116,-0.064930,2.312500,-1.000000
16.824282,0.284116,-0.086340,4.562500,-1.000000
16.856151,0.267403,-0.035321,0.187500,0.000000
16.888172,0.275760,-0.071913,1.687500,0.000000
16.920673,0.275760,0.070956,3.000000,0.000000
16.950826,0.275760,0.070956,3.000000,0.000000
16.980981,0.284116,0.103208,2.500000,0.000000
17.011151,0.275760,0.195174,1.312500,0.000000
17.041302,0.284116,0.112874,0.750000,0.000000
17.071453,0.275760,0.063136,1.625000,0.000000
17.101615,0.275760,0.023836,1.687500,0.000000
17.131825,0.267403,0.114791,2.750000,0.000000
17.166927,0.259047,0.114791,2.750000,0.000000
17.197100,0.267403,0.081993,2.187500,0.000000
17.227258,0.284116,0.183587,-0.187500,0.000000
17.257452,0.275760,0.194661,1.125000,-1.000000
17.287572,0.275760,0.231316,1.312500,-1.000000
17.317715,0.267403,0.205507,1.312500,-1.000000
17.347830,0.275760,0.112712,1.187500,-1.000000
17.377972,0.267403,0.112712,1.187500,-1.000000
17.409845,0.275760,0.022086,1.437500,-1.000000
17.440025,0.267403,0.095133,1.750000,-1.000000
17.470192,0.267403,0.222112,2.437500,-1.000000
17.500693,0.284116,0.094444,2.250000,-1.000000
17.530837,0.267403,0.054069,1.937500,-1.000000
17.560986,0.284116,0.038462,1.000000,-2.000000
17.591189,0.275760,0.069999,-1.375000,-2.000000
17.621483,0.275760,0.069999,-1.375000,-1.000000
17.651694,0.275760,0.136587,2.062500,-1.000000
17.681881,0.284116,0.219670,2.437500,-1.000000
17.712046,0.259047,0.217799,0.562500,-1.000000
17.742635,0.267403,0.252253,1.625000,0.000000
17.773102,0.275760,0.199720,1.125000,0.000000
17.803436,0.267403,0.127452,1.062500,0.000000
17.835805,0.300829,0.087742,2.000000,0.000000
17.866175,0.284116,0.188789,2.812500,0.000000
17.897831,0.259047,0.188789,2.812500,0.000000
17.927980,0.300829,0.216491,1.875000,0.000000
17.960166,0.300829,0.169262,-0.562500,0.000000
17.990305,0.275760,0.111306,2.500000,0.000000
18.020625,0.275760,0.114035,1.437500,0.000000
18.050911,0.284116,0.091773,1.437500,2.000000
18.081405,0.275760,0.068774,0.875000,2.000000
18.111607,0.275760,0.053671,1.812500,3.000000
18.141787,0.284116,0.053671,1.812500,3.000000
18.172313,0.300829,0.016223,0.562500,3.000000
18.202504,0.267403,-0.019565,2.375000,3.000000
18.232712,0.275760,0.144008,4.187500,4.000000
18.262971,0.275760,0.144578,3.187500,4.000000
18.293152,0.275760,0.131776,-2.187500,5.000000
18.323294,0.284116,0.131607,-4.312500,5.000000
18.353473,0.275760,0.183773,-1.187500,7.000000
18.383678,0.267403,0.118729,-1.500000,7.000000
18.413807,0.284116,0.118729,-1.500000,9.000000
18.443945,0.292472,0.162608,-3.687500,9.000000
18.474132,0.267403,0.294583,-3.312500,8.000000
18.504262,0.275760,0.284635,-5.125000,8.000000
18.534402,0.275760,0.274681,-5.625000,10.000000
18.564789,0.292472,0.232381,-5.250000,10.000000
18.594995,0.284116,0.232381,-5.250000,10.000000
18.627309,0.267403,0.265448,-5.312500,10.000000
18.657670,0.267403,0.322956,-8.687500,11.000000
18.687839,0.284116,0.375945,-9.562500,11.000000
18.718027,0.275760,0.262181,-8.125000,11.000000
18.748306,0.267403,0.262181,-8.125000,11.000000
18.778485,0.275760,0.281950,-9.187500,11.000000
18.808666,0.275760,0.258934,-9.437500,11.000000
18.839598,0.267403,0.220986,-8.562500,11.000000
18.869756,0.292472,0.140036,-9.500000,11.000000
18.907045,0.259047,0.176180,-9.375000,11.000000
18.940200,0.284116,0.233618,-9.750000,11.000000
18.970450,0.275760,0.222810,-9.375000,11.000000
19.000689,0.300829,0.284374,-8.125000,11.000000
19.030863,0.300829,0.284374,-8.125000,12.000000
19.063795,0.275760,0.155539,-13.562500,12.000000
19.094079,0.275760,0.075107,-11.375000,12.000000
19.124369,0.284116,0.108867,-8.625000,12.000000
19.154526,0.292472,0.157488,-8.187500,12.000000
19.197658,0.267403,0.032162,-13.062500,12.000000
19.227906,0.267403,0.005321,-11.375000,12.000000
19.258150,0.284116,-0.008502,-10.062500,12.000000
19.288307,0.267403,-0.008502,-10.062500,12.000000
19.318566,0.267403,0.000868,-11.187500,12.000000
19.348769,0.284116,-0.042972,-8.875000,12.000000
19.378913,0.275760,0.060045,-9.000000,12.000000
19.409168,0.284116,0.000112,-10.125000,12.000000
19.439515,0.275760,-0.032241,-13.187500,12.000000
19.472145,0.275760,-0.063419,-10.812500,12.000000
19.504530,0.275760,-0.055484,-9.250000,11.000000
19.534715,0.284116,-0.055484,-9.250000,11.000000
19.564958,0.275760,-0.065426,-10.500000,11.000000
19.596437,0.275760,-0.041128,-9.437500,11.000000
19.626620,0.267403,0.053153,-9.562500,8.000000
19.656777,0.275760,0.062365,-8.625000,8.000000
19.691998,0.275760,0.114459,-10.437500,12.000000
19.722231,0.292472,0.063619,-11.250000,12.000000
19.752432,0.275760,0.047103,-8.687500,20.000000
19.782584,0.275760,0.047103,-8.687500,20.000000
19.812748,0.284116,0.115869,-10.000000,20.000000
19.844174,0.284116,0.162873,-11.125000,21.000000
19.876194,0.284116,0.057011,-11.000000,21.000000
19.908179,0.275760,0.057011,-11.000000,21.000000
19.939168,0.267403,-0.067318,-16.937500,21.000000
19.969438,0.284116,-0.000986,-19.062500,21.000000
19.999780,0.267403,-0.005649,-19.562500,21.000000
20.031718,0.275760,-0.005649,-19.562500,21.000000
20.066355,0.284116,-0.003209,-18.187500,21.000000
20.096621,0.275760,-0.008611,-17.062500,21.000000
20.128203,0.267403,-0.059159,-17.187500,21.000000
20.158721,0.284116,-0.063996,-16.187500,21.000000
20.190758,0.317541,-0.063996,-16.187500,20.000000
20.221452,0.284116,-0.176814,-21.687500,20.000000
20.251648,0.259047,-0.148580,-24.062500,21.000000
20.281868,0.284116,-0.148715,-18.562500,21.000000
20.320253,0.275760,-0.067981,-19.437500,21.000000
20.350394,0.275760,-0.067981,-19.437500,21.000000
20.380878,0.275760,-0.085295,-19.000000,21.000000
20.411424,0.275760,-0.095255,-17.125000,21.000000
20.441601,0.275760,-0.018656,-16.687500,21.000000
20.471776,0.275760,-0.179545,-15.062500,21.000000
20.501941,0.275760,-0.191003,-16.687500,20.000000
20.532153,0.275760,-0.098636,-20.812500,20.000000
20.562336,0.259047,-0.177720,-18.312500,20.000000
20.592502,0.292472,-0.177720,-18.312500,20.000000
20.622637,0.284116,-0.242622,-20.562500,20.000000
20.652767,0.267403,-0.275666,-22.312500,20.000000
20.683251,0.267403,-0.193320,-17.187500,20.000000
20.716164,0.284116,-0.170174,-18.562500,20.000000
20.746316,0.267403,-0.170174,-18.562500,20.000000
20.776530,0.275760,-0.210110,-17.875000,20.000000
20.806692,0.267403,-0.199636,-18.437500,20.000000
20.836886,0.334254,-0.207280,-16.375000,20.000000
20.867902,0.292472,-0.295054,-21.375000,20.000000
20.898062,0.267403,-0.267938,-21.937500,20.000000
20.928792,0.275760,-0.242451,-16.312500,20.000000
20.958928,0.275760,-0.242451,-16.312500,20.000000
20.989833,0.275760,-0.192752,-18.437500,20.000000
21.021133,0.275760,-0.174417,-22.437500,12.000000
21.051477,0.284116,-0.179704,-19.375000,12.000000
21.085523,0.275760,-0.212075,-18.562500,10.000000
21.115704,0.267403,-0.184291,-17.687500,10.000000
21.146100,0.267403,-0.231446,-17.375000,11.000000
21.176270,0.267403,-0.286480,-14.000000,11.000000
21.206427,0.267403,-0.286480,-14.000000,11.000000
21.236603,0.284116,-0.209764,-10.875000,11.000000
21.266922,0.275760,-0.239275,-9.937500,11.000000
21.297082,0.275760,-0.202245,-10.187500,11.000000
21.330262,0.284116,-0.202245,-10.187500,11.000000
21.361039,0.259047,-0.139249,-9.000000,11.000000
21.391262,0.292472,-0.173566,-10.562500,20.000000
21.421822,0.284116,-0.350159,-12.375000,20.000000
21.453529,0.275760,-0.279751,-9.187500,20.000000
21.483690,0.284116,-0.187504,-9.937500,20.000000
21.513858,0.284116,-0.203913,-12.125000,20.000000
21.543991,0.275760,-0.203913,-12.125000,21.000000
21.574240,0.275760,-0.152173,-13.375000,21.000000
21.604493,0.267403,-0.151966,-14.625000,21.000000
21.634793,0.275760,-0.152730,-17.687500,21.000000
21.665004,0.275760,-0.175301,-16.750000,21.000000
21.695160,0.267403,-0.204285,-20.500000,21.000000
21.725300,0.292472,-0.137290,-18.250000,21.000000
21.755425,0.284116,-0.095693,-18.250000,21.000000
21.785561,0.267403,-0.084688,-22.125000,21.000000
21.815690,0.275760,-0.084688,-22.125000,21.000000
21.845840,0.275760,-0.095657,-18.375000,21.000000
21.875977,0.275760,-0.110339,-17.125000,21.000000
21.906116,0.267403,-0.180699,-16.750000,21.000000
21.936275,0.267403,-0.058872,-19.375000,21.000000
21.966477,0.275760,0.085610,-18.062500,20.000000
21.996633,0.259047,0.065100,-19.437500,20.000000
22.026876,0.309185,0.086494,-18.187500,20.000000
22.057148,0.284116,0.038314,-19.312500,20.000000
22.088000,0.267403,0.038314,-19.312500,20.000000
22.118163,0.275760,0.005180,-18.750000,20.000000
22.148548,0.275760,-0.028606,-16.875000,20.000000
22.178714,0.267403,-0.023982,-18.000000,20.000000
22.208850,0.267403,-0.071166,-21.562500,20.000000
22.239001,0.267403,-0.071166,-21.562500,20.000000
22.269161,0.284116,-0.068201,-18.812500,20.000000
22.299430,0.267403,-0.037933,-17.937500,20.000000
22.329951,0.284116,-0.073325,-19.687500,20.000000
22.360741,0.284116,-0.185257,-18.437500,20.000000
22.390963,0.259047,-0.176195,-20.000000,20.000000
22.421193,0.267403,-0.218412,-19.437500,21.000000
22.451667,0.292472,-0.218412,-19.437500,21.000000
22.484158,0.275760,-0.314639,-18.125000,21.000000
22.514329,0.267403,-0.312296,-19.187500,21.000000
22.545885,0.292472,-0.312296,-19.187500,21.000000
22.577268,0.267403,-0.320638,-18.625000,21.000000
22.607733,0.267403,-0.283479,-21.000000,21.000000
22.638064,0.275760,-0.283479,-21.000000,21.000000
22.668778,0.275760,-0.267928,-18.687500,21.000000
22.699019,0.259047,-0.208196,-18.312500,21.000000
22.729340,0.284116,-0.184587,-21.687500,21.000000
22.761643,0.292472,-0.245030,-17.375000,21.000000
22.791796,0.275760,-0.185574,-18.062500,20.000000
22.822275,0.275760,-0.190752,-18.812500,20.000000
22.852439,0.284116,-0.285805,-17.687500,19.000000
22.882682,0.267403,-0.285805,-17.687500,19.000000
22.912918,0.275760,-0.222470,-18.875000,11.000000
22.943060,0.275760,-0.148989,-16.687500,11.000000
22.973200,0.284116,-0.115792,-17.750000,10.000000
23.003373,0.267403,-0.031531,-22.250000,10.000000
23.033590,0.284116,-0.081801,-18.812500,12.000000
23.063777,0.275760,-0.113021,-12.062500,12.000000
23.093934,0.267403,-0.170760,-12.187500,12.000000
23.124155,0.267403,-0.170760,-12.187500,12.000000
23.154355,0.275760,-0.168785,-9.125000,11.000000
23.184504,0.259047,-0.140363,-9.875000,11.000000
23.214657,0.284116,-0.106084,-12.187500,11.000000
23.244958,0.267403,-0.130238,-9.750000,0.000000
23.275184,0.275760,-0.104531,-9.562500,0.000000
23.305353,0.267403,-0.104531,-9.562500,0.000000
23.335515,0.275760,-0.162126,-8.250000,6.000000
23.367859,0.309185,-0.173339,-5.125000,6.000000
23.398048,0.275760,-0.230096,-4.625000,6.000000
23.428203,0.267403,-0.323310,-5.500000,12.000000
23.458341,0.292472,-0.299214,-1.687500,12.000000
23.488481,0.292472,-0.299214,-1.687500,12.000000
23.518848,0.284116,-0.285971,-2.625000,12.000000
23.549027,0.267403,-0.313940,-3.437500,9.000000
23.579199,0.292472,-0.326883,-8.312500,9.000000
23.609339,0.275760,-0.180687,-8.500000,12.000000
23.643521,0.300829,-0.180687,-8.500000,12.000000
23.673823,0.275760,-0.087399,-9.375000,17.000000
23.703971,0.267403,-0.158990,-12.125000,17.000000
23.735963,0.275760,-0.162891,-9.750000,21.000000
23.766354,0.284116,-0.076053,-13.812500,21.000000
23.798433,0.284116,-0.055501,-14.062500,21.000000
23.828580,0.275760,-0.000756,-13.062500,19.000000
23.858804,0.284116,-0.000756,-13.062500,19.000000
23.889049,0.292472,-0.123395,-15.375000,25.000000
23.919317,0.259047,-0.068851,-16.937500,25.000000
23.949576,0.275760,-0.052789,-19.875000,-5.000000
23.979761,0.275760,-0.028743,-17.437500,-5.000000
24.009916,0.275760,-0.053595,-18.625000,-5.000000
24.040041,0.267403,0.033311,-17.187500,-5.000000
24.070171,0.275760,0.009215,-15.000000,3.000000
24.100329,0.284116,0.009215,-15.000000,6.000000
24.130616,0.259047,-0.018297,-13.125000,6.000000
24.160862,0.300829,-0.040338,-9.062500,8.000000
24.190999,0.267403,0.090967,-9.187500,8.000000
24.221135,0.284116,0.039507,-5.187500,9.000000
24.251328,0.275760,0.011968,-3.687500,9.000000
24.281567,0.275760,0.048880,-4.937500,9.000000
24.311691,0.275760,0.050889,-5.250000,9.000000
24.341877,0.275760,0.050889,-5.250000,8.000000
24.372034,0.275760,0.041292,-4.312500,8.000000
24.402241,0.259047,-0.114836,-4.562500,8.000000
24.437046,0.284116,-0.129596,-5.875000,8.000000
24.467994,0.267403,-0.163879,-14.187500,8.000000
24.498415,0.284116,-0.153998,-3.812500,9.000000
24.528822,0.284116,-0.153998,-3.812500,9.000000
24.559074,0.275760,-0.097494,-9.625000,9.000000
24.589321,0.284116,-0.152905,-7.125000,9.000000
24.619493,0.275760,-0.127896,-4.875000,11.000000
24.649853,0.284116,-0.053899,-7.500000,11.000000
24.680027,0.284116,-0.089675,-7.062500,10.000000
24.710191,0.267403,-0.051656,-10.250000,10.000000
24.740341,0.275760,-0.051656,-10.250000,8.000000
24.770543,0.275760,-0.080036,-9.500000,8.000000
24.801564,0.284116,-0.087643,-7.562500,20.000000
24.831940,0.267403,-0.089769,-8.562500,20.000000
24.862232,0.284116,-0.070766,-6.875000,20.000000
24.892491,0.259047,0.069140,-7.125000,20.000000
24.922632,0.275760,0.175762,-14.250000,21.000000
24.952823,0.275760,0.023965,-15.250000,21.000000
24.983058,0.275760,0.039759,-15.187500,21.000000
25.013722,0.275760,0.039759,-15.187500,21.000000
25.043878,0.267403,0.011245,-16.250000,21.000000
25.074031,0.275760,0.056786,-15.062500,21.000000
25.104178,0.267403,0.040921,-16.000000,20.000000
25.134324,0.275760,0.060809,-16.250000,20.000000
25.164521,0.292472,-0.042954,-18.437500,20.000000
25.195003,0.259047,-0.102602,-19.000000,20.000000
25.225201,0.267403,-0.115672,-19.687500,9.000000
25.255444,0.284116,-0.135108,-18.687500,9.000000
25.285586,0.267403,-0.135108,-18.687500,12.000000
25.315756,0.292472,-0.146037,-17.687500,12.000000
25.345976,0.275760,-0.067461,-21.437500,11.000000
25.376191,0.300829,-0.145705,-13.625000,11.000000
25.406344,0.284116,-0.215554,-11.500000,10.000000
25.436526,0.259047,-0.228344,-11.937500,10.000000
25.466808,0.275760,-0.217086,-10.687500,11.000000
25.497043,0.275760,-0.214510,-10.187500,11.000000
25.527256,0.267403,-0.214510,-10.187500,11.000000
25.557423,0.275760,-0.205519,-8.375000,11.000000
25.587611,0.275760,-0.119382,-8.375000,11.000000
25.617767,0.259047,-0.221224,-7.687500,9.000000
25.650918,0.275760,-0.426578,-7.687500,9.000000
25.681186,0.275760,-0.426578,-7.687500,9.000000
25.711349,0.284116,-0.499198,-9.187500,12.000000
25.741518,0.284116,-0.512592,-11.812500,12.000000
25.771775,0.275760,-0.534224,-7.312500,9.000000
25.802000,0.275760,-0.462479,-7.437500,9.000000
25.832932,0.284116,-0.435608,-9.687500,9.000000
25.863153,0.292472,-0.435608,-9.687500,9.000000
25.893456,0.275760,-0.463612,-9.375000,20.000000
25.923648,0.275760,-0.483245,-9.375000,20.000000
25.953783,0.275760,-0.398275,-8.750000,20.000000
25.984030,0.284116,-0.359438,-8.937500,20.000000
26.014435,0.275760,-0.349027,-10.937500,20.000000
26.044674,0.275760,-0.349027,-10.937500,20.000000
26.074904,0.284116,-0.327241,-12.687500,20.000000
26.108188,0.267403,-0.299917,-17.937500,20.000000
26.138340,0.275760,-0.262827,-16.125000,20.000000
26.172141,0.275760,-0.262827,-16.125000,20.000000
26.202700,0.275760,-0.268265,-18.812500,20.000000
26.232992,0.275760,-0.262723,-16.562500,20.000000
26.266236,0.275760,-0.122630,-17.000000,20.000000
26.297216,0.275760,-0.122630,-17.000000,20.000000
26.327419,0.284116,-0.077671,-17.750000,19.000000
26.357605,0.267403,-0.026525,-16.500000,19.000000
26.387746,0.259047,0.080635,-18.250000,19.000000
26.417965,0.275760,0.005426,-15.750000,19.000000
26.448240,0.275760,-0.079751,-15.812500,19.000000
26.478489,0.275760,-0.065506,-20.000000,20.000000
26.508619,0.275760,-0.065506,-20.000000,20.000000
26.538747,0.284116,-0.117301,-20.687500,10.000000
26.568877,0.275760,-0.101386,-15.000000,10.000000
26.599094,0.275760,-0.034667,-16.562500,11.000000
26.629345,0.275760,0.037121,-18.687500,11.000000
26.659545,0.275760,0.037394,-16.625000,12.000000
26.689684,0.275760,0.033837,-14.562500,12.000000
26.719808,0.284116,0.003032,-10.875000,12.000000
26.749942,0.275760,-0.010574,-9.437500,11.000000
26.780067,0.292472,-0.010574,-9.437500,11.000000
26.810266,0.267403,0.017067,-10.000000,11.000000
26.840413,0.259047,0.044932,-10.250000,11.000000
26.875809,0.267403,0.044932,-10.250000,11.000000
26.906019,0.284116,0.131027,-9.562500,11.000000
26.936184,0.284116,0.171833,-10.625000,11.000000
26.966429,0.284116,0.175464,-7.062500,5.000000
26.996595,0.275760,0.163529,-8.187500,5.000000
27.026787,0.267403,0.097557,-8.125000,7.000000
27.057052,0.284116,0.022641,-7.625000,7.000000
27.087269,0.292472,0.022641,-7.625000,20.000000
27.117411,0.259047,0.009072,-6.562500,20.000000
27.147620,0.284116,-0.043158,-7.125000,21.000000
27.182430,0.275760,-0.086615,-7.437500,21.000000
27.212602,0.267403,-0.065059,-6.750000,21.000000
27.243869,0.275760,-0.079797,-5.812500,21.000000
27.274118,0.275760,-0.084573,-13.750000,21.000000
27.304438,0.275760,-0.089845,-16.312500,21.000000
27.340564,0.267403,-0.001394,-15.812500,21.000000
27.370693,0.284116,-0.103996,-18.687500,22.000000
27.400867,0.284116,-0.103996,-18.687500,22.000000
27.431056,0.267403,-0.158789,-19.187500,22.000000
27.461196,0.284116,-0.078048,-20.687500,22.000000
27.491338,0.284116,-0.085843,-19.562500,21.000000
27.521461,0.275760,-0.028213,-18.937500,21.000000
27.551606,0.275760,-0.135874,-18.375000,21.000000
27.581729,0.275760,-0.244709,-18.562500,21.000000
27.611874,0.275760,-0.207162,-18.750000,21.000000
27.641992,0.275760,-0.157967,-19.500000,21.000000
27.672127,0.284116,-0.157967,-19.500000,21.000000
27.702317,0.275760,-0.193357,-21.875000,21.000000
27.732518,0.275760,-0.179720,-16.937500,22.000000
27.762751,0.284116,-0.089378,-19.437500,22.000000
27.792951,0.284116,-0.158878,-17.750000,22.000000
27.823153,0.275760,-0.211304,-18.937500,22.000000
27.853302,0.284116,-0.253986,-21.750000,22.000000
27.883504,0.267403,-0.138506,-22.375000,22.000000
27.913685,0.284116,-0.138506,-22.375000,22.000000
27.943856,0.267403,-0.093939,-20.625000,22.000000
27.974045,0.275760,-0.069783,-20.312500,21.000000
28.004192,0.292472,-0.116415,-19.062500,21.000000
28.034346,0.284116,-0.143391,-16.687500,21.000000
28.064505,0.275760,-0.281000,-18.250000,21.000000
28.094715,0.267403,-0.127753,-20.687500,21.000000
28.126765,0.275760,-0.094673,-18.937500,20.000000
28.156911,0.284116,-0.094673,-18.937500,20.000000
28.187069,0.267403,-0.071399,-17.687500,20.000000
28.217209,0.267403,-0.041777,-20.875000,20.000000
28.247418,0.267403,-0.046364,-18.937500,20.000000
28.277613,0.284116,0.044610,-18.250000,20.000000
28.307905,0.267403,-0.064271,-18.375000,11.000000
28.338076,0.275760,-0.064271,-18.375000,11.000000
28.368962,0.267403,0.030309,-18.375000,10.000000
28.399122,0.267403,0.015060,-20.562500,10.000000
28.437792,0.284116,-0.085303,-17.812500,10.000000
28.467961,0.267403,-0.055310,-14.500000,12.000000
28.499437,0.284116,-0.005340,-11.875000,12.000000
28.530090,0.284116,-0.003881,-9.187500,12.000000
28.560314,0.267403,-0.003881,-9.187500,12.000000
28.591251,0.275760,0.109687,-7.187500,12.000000
28.622459,0.259047,-0.011092,-8.687500,12.000000
28.652614,0.284116,-0.018598,-8.625000,12.000000
28.682842,0.267403,-0.022536,-10.187500,9.000000
28.713030,0.275760,-0.039417,-7.937500,9.000000
28.743221,0.292472,-0.110817,-7.687500,11.000000
28.776802,0.275760,-0.039395,-10.187500,11.000000
28.806977,0.275760,-0.051819,-7.687500,20.000000
28.837116,0.267403,-0.051819,-7.687500,20.000000
28.867293,0.267403,-0.053548,-10.000000,20.000000
28.897433,0.267403,-0.044650,-12.937500,20.000000
28.927628,0.275760,-0.070842,-11.937500,20.000000
28.957824,0.292472,-0.045078,-13.500000,21.000000
28.987981,0.275760,-0.040790,-16.937500,21.000000
29.018145,0.267403,-0.040790,-16.937500,21.000000
29.048294,0.284116,-0.005519,-16.500000,21.000000
29.078471,0.267403,-0.076338,-17.500000,21.000000
29.115667,0.300829,-0.061466,-18.000000,21.000000
29.147055,0.300829,-0.185940,-19.625000,21.000000
29.177218,0.300829,-0.185940,-19.625000,21.000000
29.207373,0.292472,-0.153984,-19.750000,21.000000
29.237546,0.275760,-0.171679,-16.375000,20.000000
29.269140,0.284116,-0.171679,-16.375000,20.000000
29.299996,0.275760,-0.173422,-20.812500,20.000000
29.335674,0.292472,-0.254903,-17.562500,20.000000
29.365850,0.275760,-0.381904,-15.562500,20.000000
29.397667,0.284116,-0.306575,-19.062500,20.000000
29.427990,0.284116,-0.276460,-19.437500,20.000000
29.458143,0.267403,-0.166452,-20.000000,20.000000
29.491843,0.275760,-0.163936,-19.000000,20.000000
29.522015,0.284116,-0.169269,-15.875000,20.000000
29.552785,0.275760,-0.169269,-15.875000,20.000000
29.582950,0.267403,-0.173144,-17.437500,20.000000
29.613158,0.267403,-0.200431,-15.375000,20.000000
29.643363,0.267403,-0.165194,-17.437500,20.000000
29.674733,0.292472,-0.095258,-18.312500,20.000000
29.708226,0.267403,-0.085246,-21.812500,20.000000
29.738540,0.275760,-0.101869,-19.000000,19.000000
29.768805,0.284116,-0.083618,-17.562500,19.000000
29.799043,0.292472,-0.006222,-18.875000,19.000000
29.829342,0.284116,-0.093145,-19.312500,19.000000
29.859549,0.267403,-0.093145,-19.312500,12.000000
29.889695,0.284116,-0.132799,-19.125000,12.000000
29.919897,0.284116,-0.187705,-18.437500,12.000000
29.950036,0.284116,-0.197436,-18.687500,12.000000
29.980232,0.284116,-0.083530,-17.625000,12.000000
30.010371,0.284116,-0.071779,-15.500000,11.000000
30.040489,0.284116,-0.052585,-8.312500,11.000000
30.070624,0.275760,-0.040924,-14.187500,11.000000
30.100751,0.275760,-0.040924,-14.187500,11.000000
30.131036,0.267403,-0.195890,-11.187500,11.000000
30.161243,0.267403,-0.039324,-7.625000,11.000000
30.191380,0.284116,0.047175,-11.250000,11.000000
30.223695,0.275760,0.007491,-8.875000,11.000000
30.253933,0.267403,0.014389,-8.687500,11.000000
30.284162,0.275760,0.004459,-8.750000,11.000000
30.315238,0.275760,-0.070163,-6.437500,11.000000
30.345394,0.275760,-0.111051,-7.500000,11.000000
30.375544,0.292472,-0.111051,-7.500000,12.000000
30.405695,0.284116,-0.060535,-6.750000,12.000000
30.435843,0.259047,-0.015775,-8.187500,-1.000000
30.466005,0.292472,0.017117,-9.187500,-1.000000
30.496190,0.275760,-0.006390,-9.875000,4.000000
30.526400,0.284116,-0.008636,-8.187500,4.000000
30.556563,0.300829,0.039748,-7.312500,4.000000
30.586720,0.275760,0.045479,-4.625000,4.000000
30.616866,0.259047,0.109643,-5.125000,10.000000
30.647743,0.284116,0.109643,-5.125000,10.000000
30.678061,0.267403,0.129653,-2.687500,10.000000
30.708231,0.309185,0.104954,-4.750000,10.000000
30.739250,0.284116,0.032187,-2.562500,10.000000
30.769460,0.275760,0.067176,-4.562500,10.000000
30.799619,0.275760,0.057932,-1.562500,11.000000
30.829868,0.275760,0.057932,-1.562500,11.000000
30.860181,0.275760,-0.050314,-10.562500,16.000000
30.890339,0.284116,0.046743,-11.750000,16.000000
30.920476,0.275760,0.190692,-9.250000,18.000000
30.950615,0.300829,0.115477,-10.437500,18.000000
30.980795,0.292472,0.059784,-12.687500,16.000000
31.011010,0.275760,0.056951,-14.437500,16.000000
31.041143,0.275760,0.068656,-13.562500,16.000000
31.071277,0.292472,0.068656,-13.562500,16.000000
31.101420,0.284116,0.045002,-13.500000,17.000000
31.131565,0.267403,-0.087697,-13.187500,17.000000
31.161704,0.284116,-0.154504,-14.875000,11.000000
31.191886,0.284116,-0.104610,-13.875000,11.000000
31.222073,0.267403,-0.043292,-18.812500,11.000000
31.252219,0.275760,-0.049637,-14.687500,10.000000
31.282517,0.284116,-0.087722,-12.062500,10.000000
31.312696,0.284116,-0.054645,-12.250000,10.000000
31.342850,0.267403,-0.054645,-12.250000,10.000000
31.372997,0.284116,0.056142,-11.750000,10.000000
31.403153,0.267403,-0.050031,-8.875000,10.000000
31.433385,0.267403,-0.087127,-11.375000,10.000000
31.463648,0.334254,-0.087127,-11.375000,10.000000
31.493831,0.284116,0.007725,-8.437500,9.000000
31.524018,0.275760,0.092602,-11.437500,9.000000
31.554885,0.275760,0.092355,-10.187500,9.000000
31.585441,0.275760,0.073106,-5.312500,9.000000
31.616628,0.275760,0.190765,-9.062500,9.000000
31.646813,0.284116,-0.008119,-10.375000,9.000000
31.687658,0.267403,-0.008119,-10.375000,8.000000
31.718512,0.275760,-0.074885,-10.625000,8.000000
31.748716,0.259047,-0.083933,-11.625000,8.000000
31.778963,0.259047,-0.013166,-7.812500,8.000000
31.809345,0.259047,-0.013166,-7.812500,8.000000
31.842725,0.275760,-0.010011,-9.562500,8.000000
31.872926,0.292472,-0.047109,-7.812500,8.000000
31.907352,0.275760,-0.065458,-8.937500,8.000000
31.937658,0.275760,-0.141038,-7.062500,7.000000
31.970970,0.284116,-0.141038,-7.062500,7.000000
32.001155,0.284116,-0.087670,-9.875000,7.000000
32.031894,0.284116,-0.059354,-8.625000,7.000000
32.062635,0.275760,-0.068928,-7.375000,7.000000
32.092964,0.267403,-0.000540,-6.187500,6.000000
32.126594,0.292472,0.065148,-6.500000,6.000000
32.157537,0.267403,-0.042833,-7.250000,6.000000
32.187708,0.284116,-0.020685,-7.937500,6.000000
32.217934,0.275760,-0.018717,-5.500000,6.000000
32.248237,0.275760,-0.004571,-4.875000,6.000000
32.278903,0.275760,-0.063113,-4.437500,5.000000
32.309135,0.275760,-0.063113,-4.437500,5.000000
32.339324,0.275760,0.041820,-3.625000,5.000000
32.369468,0.275760,0.176725,-8.250000,5.000000
32.399628,0.292472,0.150401,-5.750000,4.000000
32.431986,0.275760,0.226463,-6.062500,4.000000
32.462752,0.275760,0.226463,-6.062500,4.000000
32.494082,0.275760,0.172578,-5.125000,4.000000
32.530808,0.284116,0.136185,-4.125000,4.000000
32.561628,0.284116,0.220258,-4.500000,3.000000
32.592853,0.275760,0.069936,-3.562500,3.000000
32.623033,0.259047,0.064235,-4.687500,3.000000
32.653448,0.275760,0.064235,-4.687500,3.000000
32.683630,0.275760,-0.009414,-2.750000,3.000000
32.713784,0.292472,0.012409,-2.937500,3.000000
32.743935,0.284116,-0.020163,-6.125000,3.000000
32.774115,0.275760,-0.100052,-1.062500,3.000000
32.804262,0.267403,-0.017289,-2.375000,4.000000
32.834423,0.292472,-0.110769,-6.187500,4.000000
32.864556,0.275760,-0.110769,-6.187500,4.000000
32.895451,0.267403,-0.055523,-3.625000,4.000000
32.925737,0.275760,-0.056900,-2.187500,4.000000
32.956020,0.275760,-0.101904,-2.937500,4.000000
32.988243,0.275760,-0.071283,-2.500000,3.000000
33.018463,0.284116,-0.070210,-2.312500,3.000000
33.050332,0.292472,-0.148192,-1.937500,3.000000
33.080479,0.267403,-0.051337,-1.875000,3.000000
33.110806,0.284116,0.040110,-6.375000,3.000000
33.140986,0.317541,0.040110,-6.375000,3.000000
33.171175,0.292472,0.059125,-4.812500,3.000000
33.201328,0.284116,0.099161,-2.750000,3.000000
33.231475,0.267403,0.139193,-3.375000,3.000000
33.261649,0.284116,0.071731,-3.187500,2.000000
33.291795,0.284116,0.051590,-3.625000,2.000000
33.321954,0.259047,0.088538,-3.687500,2.000000
33.352233,0.267403,0.072505,-2.812500,2.000000
33.382398,0.292472,0.072505,-2.812500,2.000000
33.412631,0.259047,0.225418,-1.750000,2.000000
33.442928,0.275760,0.244879,-1.812500,2.000000
33.473082,0.275760,0.267245,-5.312500,2.000000
33.503199,0.275760,0.229457,-1.500000,2.000000
33.533345,0.267403,0.203825,-1.375000,2.000000
33.563539,0.267403,0.177777,-2.687500,1.000000
33.593704,0.284116,0.108548,-2.625000,1.000000
33.623893,0.267403,-31.000025,-3.000000,1.000000
33.654151,0.284116,-28.017857,-6.000000,1.000000
33.684347,0.275760,-28.017857,-6.000000,1.000000
33.715684,0.267403,-25.365026,-2.312500,1.000000
33.746264,0.267403,-25.365026,-2.312500,1.000000
33.776451,0.275760,-22.941715,1.062500,1.000000
33.806677,0.275760,-20.802193,1.000000,0.000000
33.836818,0.275760,-18.809116,-2.187500,0.000000
33.866998,0.267403,-16.959021,-4.187500,0.000000
33.897164,0.259047,-15.294427,0.937500,0.000000
33.927368,0.292472,-13.866180,-0.812500,0.000000
33.957530,0.284116,-12.553820,-2.437500,0.000000
33.987685,0.275760,-12.553820,-2.437500,0.000000
34.024793,0.275760,-11.348224,-0.437500,0.000000
34.054982,0.292472,-10.234480,-1.125000,0.000000
34.087080,0.267403,-9.334172,0.312500,0.000000
34.117252,0.284116,-8.474797,0.937500,0.000000
34.152579,0.275760,-7.596338,0.062500,0.000000
34.182742,0.275760,-6.808100,0.500000,0.000000
34.212900,0.275760,-6.808100,0.500000,0.000000
34.243065,0.275760,-6.171895,-1.500000,0.000000
34.273255,0.292472,-5.624746,0.937500,0.000000
34.303464,0.284116,-5.121084,0.250000,0.000000
34.333647,0.259047,-4.719553,-0.187500,0.000000
34.363795,0.267403,-4.188799,-0.250000,0.000000
34.393956,0.292472,-3.720898,-0.812500,0.000000
34.424134,0.267403,-3.339362,-0.937500,0.000000
34.454288,0.267403,-3.339362,-0.937500,0.000000
34.484554,0.275760,-3.007437,0.750000,0.000000
34.514683,0.267403,-2.770819,0.437500,0.000000
34.544802,0.275760,-2.527221,3.375000,0.000000
34.574989,0.275760,-2.230696,-1.875000,0.000000
34.605195,0.250691,-2.008989,-0.187500,0.000000
34.635325,0.284116,-1.768419,2.875000,0.000000
34.665575,0.267403,-1.447047,0.250000,0.000000
34.695814,0.275760,-1.321763,0.437500,0.000000
34.725966,0.284116,-1.321763,0.437500,0.000000
34.756233,0.267403,-1.208397,0.375000,0.000000
34.786493,0.284116,-1.096302,-0.875000,0.000000
34.816764,0.267403,-1.096653,0.687500,0.000000
34.846932,0.275760,-1.012311,3.187500,0.000000
34.877269,0.267403,-1.012311,3.187500,0.000000
34.907445,0.300829,-0.961675,1.937500,0.000000
34.942746,0.284116,-0.750338,-0.312500,0.000000
34.972929,0.275760,-0.661840,1.125000,0.000000
35.003111,0.275760,-0.695910,4.500000,0.000000
35.033277,0.284116,-0.566929,1.500000,0.000000
35.063432,0.267403,-0.480657,-0.437500,0.000000
35.095687,0.267403,-0.480657,-0.437500,0.000000
35.125834,0.292472,-0.272271,1.000000,0.000000
35.156003,0.275760,-0.226395,0.000000,0.000000
35.186567,0.267403,-0.204859,0.437500,0.000000
35.216738,0.292472,-0.153981,0.750000,0.000000
35.251328,0.284116,-0.153981,0.750000,0.000000
35.281492,0.250691,-0.308656,3.437500,0.000000
35.311640,0.267403,-0.162291,0.125000,0.000000
35.341766,0.267403,-0.048875,-2.000000,0.000000
35.371979,0.284116,0.060412,-1.375000,0.000000
35.402158,0.259047,0.085105,0.250000,0.000000
35.432356,0.284116,0.085105,0.250000,0.000000
35.462785,0.292472,0.024691,-0.562500,0.000000
35.494060,0.267403,0.048977,-2.062500,0.000000
35.524762,0.284116,0.010073,-0.437500,0.000000
35.556788,0.284116,-0.065082,0.625000,0.000000
35.586964,0.267403,-0.027500,2.375000,0.000000
35.617227,0.300829,-0.001103,0.062500,0.000000
35.647410,0.300829,-0.001103,0.062500,0.000000
35.677658,0.275760,-0.130368,1.250000,0.000000
35.707837,0.267403,0.010452,0.187500,0.000000
35.738291,0.267403,0.085558,-0.625000,0.000000
35.770220,0.267403,-0.088098,1.500000,0.000000
35.800841,0.292472,-0.113963,0.437500,0.000000
35.833190,0.259047,-0.254371,-2.437500,0.000000
35.863339,0.284116,-0.268224,1.062500,-1.000000
35.893584,0.250691,-0.268224,1.062500,-1.000000
35.923787,0.267403,-0.393958,2.625000,0.000000
35.953957,0.259047,-0.319384,3.437500,0.000000
35.984162,0.275760,-0.104460,1.562500,-1.000000
36.014302,0.259047,-0.191551,2.875000,-1.000000
36.044444,0.267403,-0.075351,-0.062500,0.000000
36.074687,0.284116,0.008868,-1.375000,0.000000
36.104865,0.267403,0.045123,1.062500,0.000000
36.135068,0.284116,0.045123,1.062500,0.000000
36.165221,0.284116,0.074125,1.437500,0.000000
36.195722,0.259047,0.068025,-0.375000,0.000000
36.226243,0.267403,0.000674,0.187500,0.000000
36.256703,0.292472,0.006317,3.000000,0.000000
36.286960,0.250691,0.083719,-0.562500,0.000000
36.317119,0.292472,-0.098324,0.750000,0.000000
36.347370,0.250691,-0.050921,1.812500,0.000000
36.377536,0.350967,-0.050921,1.812500,0.000000
36.407827,0.309185,0.062366,2.000000,0.000000
36.438022,0.259047,0.059287,-2.375000,0.000000
36.468320,0.275760,0.163992,-4.187500,0.000000
36.498451,0.275760,0.216882,3.312500,0.000000
36.532198,0.259047,0.099224,3.375000,0.000000
36.562480,0.284116,0.035564,0.812500,0.000000
36.593172,0.292472,-0.019186,-2.500000,0.000000
36.623501,0.259047,0.157669,1.375000,0.000000
36.661569,0.317541,0.181672,2.625000,0.000000
36.692001,0.292472,0.019800,2.187500,1.000000
36.722336,0.292472,0.019800,2.187500,1.000000
36.752689,0.259047,0.012209,3.750000,0.000000
36.782905,0.267403,-0.018441,-2.375000,0.000000
36.813044,0.267403,0.240151,-0.562500,1.000000
36.843204,0.275760,0.302919,2.250000,1.000000
36.873355,0.275760,0.059121,2.250000,1.000000
36.903497,0.259047,-0.023554,-1.250000,1.000000
36.933646,0.309185,-0.000386,-2.062500,0.000000
36.963785,0.250691,-0.000386,-2.062500,0.000000
36.993974,0.292472,-0.156354,-0.750000,0.000000
37.024214,0.267403,-0.245167,0.312500,0.000000
37.054486,0.275760,-0.285579,-0.937500,0.000000
37.084728,0.250691,-0.153776,-1.312500,0.000000
37.114885,0.267403,-0.034511,0.812500,0.000000
37.145069,0.275760,0.084825,-2.312500,0.000000
37.175212,0.259047,0.084825,-2.312500,0.000000
37.205714,0.284116,0.128123,-2.000000,0.000000
37.235866,0.267403,0.213914,-0.625000,0.000000
37.266021,0.275760,0.213914,-0.625000,0.000000
37.296193,0.275760,0.110807,-1.562500,0.000000
37.328574,0.275760,0.064119,-1.437500,0.000000
37.358730,0.275760,0.006652,-1.750000,0.000000
37.388946,0.259047,-0.091008,-1.937500,0.000000
37.419147,0.267403,0.163071,1.312500,0.000000
37.449309,0.284116,0.226513,1.187500,0.000000
37.479467,0.259047,0.313408,0.375000,0.000000
37.509729,0.267403,0.313408,0.375000,0.000000
37.539872,0.242334,0.126639,-0.375000,0.000000
37.574527,0.267403,-0.010972,-3.687500,0.000000
37.604919,0.250691,0.081391,-0.875000,0.000000
37.635371,0.284116,-0.051916,-1.750000,0.000000
37.665618,0.250691,0.012000,-2.625000,0.000000
37.695836,0.275760,-0.038606,-1.937500,0.000000
37.726330,0.300829,-0.211866,-1.812500,0.000000
37.756747,0.259047,-0.321082,-1.937500,0.000000
37.786931,0.284116,-0.229660,-1.187500,1.000000
37.817108,0.284116,-0.229660,-1.187500,1.000000
37.847452,0.284116,-0.076541,-0.250000,0.000000
37.877633,0.259047,0.057256,0.312500,0.000000
37.908700,0.259047,-0.178393,-2.500000,1.000000
37.939022,0.259047,-0.152862,-2.687500,1.000000
37.969188,0.284116,-0.190639,-1.250000,1.000000
37.999369,0.267403,-0.190639,-1.250000,1.000000
38.029540,0.284116,-0.126845,-1.125000,1.000000
38.059924,0.284116,-0.055801,-5.312500,1.000000
38.090100,0.267403,-0.034322,-2.437500,1.000000
38.120258,0.284116,-0.072912,0.937500,2.000000
38.151016,0.284116,-0.019365,-0.312500,2.000000
38.181166,0.275760,-0.049865,-0.187500,2.000000
38.211454,0.275760,-0.018487,-0.312500,2.000000
38.241713,0.275760,-0.018487,-0.312500,3.000000
38.278450,0.275760,-0.013091,-2.437500,3.000000
38.308656,0.284116,-0.013091,-2.437500,4.000000
38.339848,0.259047,-0.109824,-1.187500,4.000000
38.370740,0.275760,-0.170721,-2.562500,4.000000
38.400889,0.275760,-0.163043,-2.687500,5.000000
38.431044,0.275760,-0.098068,-3.812500,5.000000
38.461267,0.275760,-0.098068,-3.812500,5.000000
38.491439,0.267403,-0.132497,-2.812500,7.000000
38.521660,0.275760,-0.099917,-2.562500,7.000000
38.561505,0.275760,-0.083754,-3.250000,7.000000
38.592401,0.292472,-0.191839,-2.625000,7.000000
38.625426,0.292472,-0.265861,-3.625000,7.000000
38.655680,0.292472,-0.294793,-7.500000,7.000000
38.685937,0.300829,-0.294793,-7.500000,7.000000
38.716267,0.300829,-0.274361,-3.750000,7.000000
38.746463,0.284116,-0.221627,-6.250000,9.000000
38.776882,0.275760,-0.171056,-6.062500,9.000000
38.807075,0.275760,-0.156687,-5.000000,9.000000
38.842878,0.275760,-0.132270,-5.250000,10.000000
38.873053,0.259047,-0.130151,-5.312500,10.000000
38.903243,0.284116,-0.130151,-5.312500,10.000000
38.933377,0.284116,-0.117771,-7.437500,10.000000
38.963516,0.267403,-0.041883,-5.687500,10.000000
38.993657,0.275760,-0.048362,-6.187500,10.000000
39.023900,0.275760,-0.078958,-9.062500,10.000000
39.054146,0.275760,-0.170377,-9.750000,10.000000
39.084302,0.267403,-0.168439,-7.375000,10.000000
39.114465,0.275760,-0.016387,-8.687500,9.000000
39.144627,0.284116,0.023221,-10.750000,9.000000
39.174791,0.259047,0.023221,-10.750000,10.000000
39.204969,0.275760,-0.000866,-10.062500,10.000000
39.235152,0.275760,-0.047395,-9.000000,7.000000
39.265391,0.275760,-0.050497,-8.375000,7.000000
39.295611,0.275760,0.016138,-8.000000,9.000000
39.325775,0.267403,0.071678,-8.625000,9.000000
39.355927,0.284116,-0.078779,-6.250000,-17.000000
39.386084,0.267403,-0.028479,-10.375000,-17.000000
39.416221,0.267403,-0.042892,-11.125000,-11.000000
39.446357,0.275760,-0.042892,-11.125000,-11.000000
39.476516,0.275760,-0.077814,-7.937500,26.000000
39.506662,0.275760,-0.082778,-6.812500,26.000000
39.536807,0.267403,-0.000706,-1.000000,19.000000
39.566953,0.267403,0.066900,3.375000,19.000000
39.597099,0.275760,0.028193,1.437500,19.000000
39.627335,0.284116,-0.050588,2.750000,19.000000
39.657665,0.267403,-0.090485,-0.062500,19.000000
39.687905,0.284116,-0.044779,-3.937500,20.000000
39.718039,0.275760,-0.044779,-3.937500,20.000000
39.748187,0.267403,-0.031958,-10.250000,20.000000
39.789025,0.267403,-0.020357,-12.250000,21.000000
39.819261,0.267403,-0.108789,-18.375000,21.000000
39.849435,0.267403,-0.091782,-14.937500,21.000000
39.879604,0.275760,-0.096368,-19.812500,21.000000
39.917147,0.284116,-0.096368,-19.812500,20.000000
39.948266,0.284116,-0.099568,-19.312500,20.000000
39.980962,0.284116,-0.091999,-21.437500,20.000000
40.016246,0.275760,-0.081345,-19.687500,20.000000
40.048216,0.275760,-0.095486,-18.000000,20.000000
40.084175,0.292472,-0.131111,-18.812500,20.000000
40.114403,0.259047,-0.131957,-17.125000,20.000000
40.144591,0.292472,-0.131957,-17.125000,20.000000
40.176411,0.284116,-0.015718,-17.937500,20.000000
40.206660,0.284116,0.084707,-22.000000,20.000000
40.236852,0.275760,0.002452,-17.750000,20.000000
40.267279,0.275760,0.002452,-17.750000,20.000000
40.298564,0.275760,-0.041539,-18.500000,20.000000
40.332181,0.275760,-0.112736,-17.125000,20.000000
40.368172,0.267403,-0.179063,-19.750000,21.000000
40.404172,0.275760,-0.285693,-19.312500,21.000000
40.436168,0.292472,-0.224271,-19.562500,21.000000
40.472163,0.267403,-0.253354,-18.375000,21.000000
40.504181,0.292472,-0.297743,-18.312500,21.000000
40.536164,0.267403,-0.297743,-18.312500,21.000000
40.568151,0.267403,-0.373107,-16.750000,20.000000
40.604170,0.292472,-0.238685,-20.312500,20.000000
40.636346,0.292472,-0.217883,-19.812500,20.000000
40.668161,0.292472,-0.186693,-21.000000,20.000000
40.698500,0.292472,-0.185105,-18.625000,20.000000
40.731656,0.284116,-0.185105,-18.625000,20.000000
40.764154,0.267403,-0.154179,-18.312500,20.000000
40.800224,0.267403,-0.182319,-17.250000,20.000000
40.830406,0.284116,-0.273419,-15.937500,20.000000
40.864163,0.275760,-0.413878,-19.125000,20.000000
40.895284,0.309185,-0.475341,-18.750000,19.000000
40.925605,0.275760,-0.475341,-18.750000,19.000000
40.961076,0.275760,-0.374000,-17.000000,19.000000
40.992423,0.284116,-0.297520,-20.625000,19.000000
41.028328,0.275760,-0.269218,-16.312500,18.000000
41.059440,0.300829,-0.269218,-16.312500,18.000000
41.090574,0.275760,-0.380589,-16.250000,18.000000
41.120821,0.284116,-0.218820,-22.812500,18.000000
41.156837,0.292472,-0.199907,-22.062500,18.000000
41.188549,0.275760,-0.133329,-18.875000,18.000000
41.218745,0.275760,-0.133329,-18.875000,20.000000
41.248931,0.275760,-0.172965,-16.375000,20.000000
41.279083,0.300829,-0.184098,-17.000000,20.000000
41.309301,0.275760,-0.184098,-17.000000,20.000000
41.339484,0.284116,-0.212245,-13.687500,19.000000
41.370804,0.292472,-0.257692,-19.875000,19.000000
41.400996,0.267403,-0.257692,-19.875000,19.000000
41.431170,0.284116,-0.249350,-17.750000,20.000000
41.461853,0.292472,-0.244656,-15.500000,20.000000
41.492040,0.275760,-0.299385,-15.562500,19.000000
41.522368,0.275760,-0.327981,-14.687500,19.000000
41.554016,0.275760,-0.407127,-14.375000,18.000000
41.584235,0.259047,-0.446401,-16.312500,18.000000
41.614476,0.309185,-0.446401,-16.312500,18.000000
41.644708,0.284116,-0.336399,-15.312500,18.000000
41.674939,0.267403,-0.302496,-14.250000,18.000000
41.705112,0.284116,-0.313674,-16.937500,18.000000
41.735259,0.284116,-0.318081,-14.250000,20.000000
41.765393,0.267403,-0.185088,-16.000000,20.000000
41.796175,0.284116,-0.185088,-16.000000,20.000000
41.826547,0.284116,-0.129432,-13.812500,20.000000
41.857547,0.267403,0.036031,-16.000000,20.000000
41.887718,0.267403,0.087776,-16.812500,20.000000
41.917866,0.292472,0.087776,-16.812500,20.000000
41.948242,0.275760,0.061353,-14.750000,20.000000
41.978449,0.267403,0.059322,-14.000000,20.000000
42.008582,0.267403,0.067948,-15.562500,20.000000
42.038740,0.275760,0.067948,-15.562500,20.000000
42.069012,0.267403,-0.057422,-14.937500,20.000000
42.099270,0.292472,-0.100474,-15.937500,20.000000
42.129536,0.267403,-0.020524,-14.625000,20.000000
42.159799,0.300829,0.068944,-17.625000,20.000000
42.190166,0.275760,0.068944,-17.625000,20.000000
42.220560,0.275760,0.011018,-14.562500,19.000000
42.251731,0.275760,0.046117,-15.062500,19.000000
42.281995,0.292472,0.046117,-15.062500,19.000000
42.312865,0.275760,0.122587,-14.062500,19.000000
42.343119,0.267403,-0.112618,-14.187500,19.000000
42.373333,0.275760,-0.112618,-14.187500,19.000000
42.403774,0.284116,-0.262666,-16.000000,19.000000
42.434154,0.267403,-0.262666,-16.000000,19.000000
42.464354,0.275760,-0.244339,-16.750000,20.000000
42.496150,0.284116,-0.184949,-14.437500,20.000000
42.526540,0.275760,-0.271993,-13.500000,20.000000
42.556952,0.275760,-0.271993,-13.500000,20.000000
42.587409,0.267403,-0.365977,-18.062500,20.000000
42.617615,0.292472,-0.297870,-16.375000,20.000000
42.652263,0.275760,-0.268584,-14.125000,20.000000
42.682487,0.292472,-0.212595,-13.875000,20.000000
42.712686,0.292472,-0.228519,-16.000000,20.000000
42.744394,0.275760,-0.139243,-12.500000,20.000000
42.774587,0.267403,-0.139243,-12.500000,20.000000
42.804777,0.300829,-0.157388,-15.312500,20.000000
42.836171,0.275760,-0.225175,-15.750000,20.000000
42.866324,0.267403,-0.199951,-16.625000,20.000000
42.898506,0.275760,-0.182833,-15.625000,20.000000
42.928660,0.267403,-0.096951,-12.375000,19.000000
42.958797,0.284116,-0.028751,-17.125000,19.000000
42.989172,0.275760,-0.068822,-12.000000,19.000000
43.019383,0.275760,-0.054666,-12.875000,19.000000
43.049597,0.267403,-0.121761,-12.250000,19.000000
43.079724,0.259047,-0.121761,-12.250000,19.000000
43.109866,0.267403,0.122878,-14.750000,19.000000
43.139993,0.292472,0.191094,-16.812500,19.000000
43.170237,0.275760,0.098719,-17.062500,19.000000
43.200407,0.284116,0.052230,-14.250000,19.000000
43.230585,0.275760,0.022529,-14.625000,18.000000
43.260849,0.275760,-0.074739,-14.562500,18.000000
43.292637,0.275760,0.055082,-14.812500,18.000000
43.323191,0.267403,0.116429,-12.812500,18.000000
43.356050,0.284116,0.116429,-12.812500,20.000000
43.387609,0.275760,0.103452,-15.750000,20.000000
43.417776,0.267403,0.080293,-11.875000,20.000000
43.452199,0.284116,0.071704,-16.187500,18.000000
43.483020,0.267403,0.092469,-14.125000,18.000000
43.513250,0.267403,0.041818,-16.000000,17.000000
43.543411,0.284116,-31.067060,-14.750000,17.000000
43.574652,0.275760,-31.067060,-14.750000,17.000000
43.604843,0.267403,-28.126078,-12.750000,16.000000
43.640289,0.284116,-25.491489,-14.250000,16.000000
43.670513,0.267403,-22.949610,-14.375000,16.000000
43.703610,0.284116,-20.741796,-15.625000,16.000000
43.733817,0.275760,-20.741796,-15.625000,16.000000
43.763992,0.267403,-18.779198,-18.375000,21.000000
43.794238,0.284116,-16.925289,-16.812500,21.000000
43.824392,0.284116,-15.213489,-11.062500,21.000000
43.854539,0.267403,-15.213489,-11.062500,21.000000
43.884801,0.284116,-13.961312,-11.625000,17.000000
43.919691,0.284116,-12.533362,-16.312500,17.000000
43.950063,0.275760,-11.321151,-17.250000,17.000000
43.980243,0.275760,-10.300351,-17.937500,15.000000
44.010406,0.275760,-9.296749,-18.562500,15.000000
44.043922,0.275760,-8.439982,-15.812500,14.000000
44.074070,0.284116,-7.693254,-11.750000,14.000000
44.104217,0.284116,-6.932896,-15.312500,13.000000
44.134364,0.267403,-6.204915,-20.437500,13.000000
44.164678,0.275760,-6.204915,-20.437500,6.000000
44.194911,0.275760,-5.662235,-16.562500,6.000000
44.225123,0.292472,-5.057979,-14.812500,6.000000
44.255327,0.292472,-4.470299,-13.000000,7.000000
44.285891,0.284116,-3.967059,-10.250000,7.000000
44.316055,0.275760,-3.620133,-4.937500,7.000000
44.346258,0.267403,-3.311916,-7.625000,7.000000
44.376405,0.284116,-2.857987,-8.187500,7.000000
44.406559,0.275760,-2.857987,-8.187500,7.000000
44.436738,0.275760,-2.583268,-9.562500,6.000000
44.467414,0.275760,-2.385097,-7.187500,6.000000
44.497567,0.284116,-2.139190,-5.125000,6.000000
44.527742,0.275760,-2.139190,-5.125000,6.000000
44.559230,0.259047,-2.139190,-5.125000,6.000000
44.591279,0.275760,-1.829159,-2.375000,5.000000
44.621490,0.284116,-1.783579,-7.312500,5.000000
44.651679,0.275760,-1.752799,-9.562500,6.000000
44.682723,0.284116,-1.512818,-7.687500,6.000000
44.712898,0.292472,-1.313739,-3.187500,7.000000
44.743064,0.284116,-1.146914,-1.375000,7.000000
44.773615,0.284116,-1.044473,-5.312500,7.000000
44.804216,0.275760,-1.024071,-3.687500,7.000000
44.834451,0.267403,-0.838190,-4.437500,7.000000
44.864599,0.267403,-0.838190,-4.437500,7.000000
44.894830,0.284116,-0.807923,-4.250000,9.000000
44.936243,0.267403,-0.645457,-4.625000,9.000000
44.966418,0.275760,-0.606888,-2.062500,9.000000
44.996594,0.284116,-0.517766,-3.437500,9.000000
45.027412,0.275760,-0.517766,-3.437500,9.000000
45.057545,0.267403,-0.606445,-4.437500,9.000000
45.087709,0.275760,-0.444119,-6.375000,8.000000
45.117966,0.267403,-0.487485,-9.187500,8.000000
45.148198,0.292472,-0.376428,-5.687500,10.000000
45.178349,0.275760,-0.384378,-3.937500,10.000000
45.208604,0.275760,-0.436280,-8.125000,9.000000
45.238863,0.267403,-0.377656,-4.062500,9.000000
45.269046,0.284116,-0.309389,-7.875000,18.000000
45.299315,0.259047,-0.309389,-7.875000,18.000000
45.329491,0.309185,-0.456891,-9.562500,18.000000
45.359646,0.284116,-0.453382,-8.375000,18.000000
45.389807,0.275760,-0.247590,-10.312500,18.000000
45.419968,0.275760,-0.175525,-10.000000,18.000000
45.450229,0.275760,-0.214000,-9.937500,18.000000
45.480381,0.284116,-0.207912,-10.687500,18.000000
45.510570,0.259047,-0.146280,-14.125000,19.000000
45.540709,0.267403,-0.057216,-13.250000,19.000000
45.570860,0.292472,-0.057216,-13.250000,18.000000
45.601025,0.275760,0.057620,-11.125000,18.000000
45.631176,0.267403,0.098750,-19.000000,18.000000
45.661349,0.284116,0.133114,-18.812500,18.000000
45.691498,0.275760,0.133114,-18.812500,18.000000
45.721678,0.267403,0.070987,-14.125000,17.000000
45.752179,0.267403,0.142237,-14.687500,17.000000
45.782401,0.275760,0.120145,-17.000000,17.000000
45.812579,0.284116,-0.062509,-14.750000,17.000000
45.842845,0.275760,0.042367,-16.687500,18.000000
45.873005,0.284116,0.125852,-25.812500,18.000000
45.903190,0.292472,0.115783,-15.562500,18.000000
45.933355,0.267403,0.115783,-15.562500,18.000000
45.963495,0.267403,-0.074066,-12.937500,18.000000
45.993644,0.284116,0.104205,-19.000000,18.000000
46.026001,0.284116,0.105707,-14.562500,18.000000
46.056229,0.275760,0.105707,-14.562500,24.000000
46.086645,0.292472,0.188874,-18.062500,24.000000
46.116792,0.292472,0.160444,-17.812500,17.000000
46.147122,0.275760,0.038642,-17.125000,17.000000
46.180194,0.259047,0.110115,-18.562500,17.000000
46.210394,0.284116,0.217595,-17.562500,17.000000
46.240543,0.275760,0.217595,-17.562500,17.000000
46.270728,0.275760,0.225434,-18.687500,10.000000
46.300876,0.284116,0.224917,-19.375000,9.000000
46.330983,0.284116,0.171179,-17.312500,9.000000
46.361118,0.275760,0.109236,-14.812500,7.000000
46.391243,0.267403,0.098845,-14.500000,7.000000
46.421561,0.267403,0.123687,-8.687500,-17.000000
46.451750,0.284116,0.278390,-10.687500,-17.000000
46.481980,0.275760,0.135856,-12.750000,-17.000000
46.512178,0.284116,0.135856,-12.750000,-13.000000
46.542332,0.284116,0.122932,-3.437500,-13.000000
46.572457,0.275760,0.147386,-4.312500,-9.000000
46.602716,0.267403,0.095316,2.625000,26.000000
46.633074,0.275760,0.093859,5.562500,26.000000
46.663260,0.275760,-0.014950,8.687500,26.000000
46.693462,0.267403,-0.013528,8.562500,25.000000
46.725703,0.284116,-0.013528,8.562500,25.000000
46.756352,0.267403,0.003930,9.375000,19.000000
46.786619,0.284116,-0.024982,7.812500,19.000000
46.818054,0.275760,0.139107,1.812500,19.000000
46.848466,0.284116,0.275221,-12.875000,19.000000
46.878641,0.275760,0.178648,-11.062500,20.000000
46.908778,0.292472